,CUID,Species,Year,LGL counts,NuSEDS counts by CU,Total run,Region
1,1120,Coho,1950,NA,NA,NA,Yukon
2,1201,Chinook,1950,NA,NA,NA,Yukon
3,1202,Chinook,1950,NA,NA,NA,Yukon
4,1203,Chinook,1950,NA,NA,NA,Yukon
5,1204,Chinook,1950,NA,NA,NA,Yukon
6,1205,Chinook,1950,NA,NA,NA,Yukon
7,1206,Chinook,1950,NA,NA,NA,Yukon
8,1207,Chinook,1950,NA,NA,NA,Yukon
9,1208,Chinook,1950,NA,NA,NA,Yukon
10,1209,Chinook,1950,NA,NA,NA,Yukon
11,1210,Chinook,1950,NA,NA,NA,Yukon
12,1211,Chinook,1950,NA,NA,NA,Yukon
13,1212,Chinook,1950,NA,NA,NA,Yukon
14,1213,Chum,1950,NA,NA,NA,Yukon
15,1214,Chum,1950,NA,NA,NA,Yukon
16,1215,Chum,1950,NA,NA,NA,Yukon
17,1216,Chum,1950,NA,NA,NA,Yukon
18,1217,Chum,1950,NA,NA,NA,Yukon
19,1218,Chum,1950,NA,NA,NA,Yukon
20,1219,Chum,1950,NA,NA,NA,Yukon
21,1120,Coho,1951,NA,NA,NA,Yukon
22,1201,Chinook,1951,NA,NA,NA,Yukon
23,1202,Chinook,1951,NA,NA,NA,Yukon
24,1203,Chinook,1951,NA,NA,NA,Yukon
25,1204,Chinook,1951,NA,NA,NA,Yukon
26,1205,Chinook,1951,NA,NA,NA,Yukon
27,1206,Chinook,1951,NA,NA,NA,Yukon
28,1207,Chinook,1951,NA,NA,NA,Yukon
29,1208,Chinook,1951,NA,NA,NA,Yukon
30,1209,Chinook,1951,NA,NA,NA,Yukon
31,1210,Chinook,1951,NA,NA,NA,Yukon
32,1211,Chinook,1951,NA,NA,NA,Yukon
33,1212,Chinook,1951,NA,NA,NA,Yukon
34,1213,Chum,1951,NA,NA,NA,Yukon
35,1214,Chum,1951,NA,NA,NA,Yukon
36,1215,Chum,1951,NA,NA,NA,Yukon
37,1216,Chum,1951,NA,NA,NA,Yukon
38,1217,Chum,1951,NA,NA,NA,Yukon
39,1218,Chum,1951,NA,NA,NA,Yukon
40,1219,Chum,1951,NA,NA,NA,Yukon
41,1120,Coho,1952,NA,NA,NA,Yukon
42,1201,Chinook,1952,NA,NA,NA,Yukon
43,1202,Chinook,1952,NA,NA,NA,Yukon
44,1203,Chinook,1952,NA,NA,NA,Yukon
45,1204,Chinook,1952,NA,NA,NA,Yukon
46,1205,Chinook,1952,NA,NA,NA,Yukon
47,1206,Chinook,1952,NA,NA,NA,Yukon
48,1207,Chinook,1952,NA,NA,NA,Yukon
49,1208,Chinook,1952,NA,NA,NA,Yukon
50,1209,Chinook,1952,NA,NA,NA,Yukon
51,1210,Chinook,1952,NA,NA,NA,Yukon
52,1211,Chinook,1952,NA,NA,NA,Yukon
53,1212,Chinook,1952,NA,NA,NA,Yukon
54,1213,Chum,1952,NA,NA,NA,Yukon
55,1214,Chum,1952,NA,NA,NA,Yukon
56,1215,Chum,1952,NA,NA,NA,Yukon
57,1216,Chum,1952,NA,NA,NA,Yukon
58,1217,Chum,1952,NA,NA,NA,Yukon
59,1218,Chum,1952,NA,NA,NA,Yukon
60,1219,Chum,1952,NA,NA,NA,Yukon
61,1120,Coho,1953,NA,NA,NA,Yukon
62,1201,Chinook,1953,NA,NA,NA,Yukon
63,1202,Chinook,1953,NA,NA,NA,Yukon
64,1203,Chinook,1953,NA,NA,NA,Yukon
65,1204,Chinook,1953,NA,NA,NA,Yukon
66,1205,Chinook,1953,NA,NA,NA,Yukon
67,1206,Chinook,1953,NA,NA,NA,Yukon
68,1207,Chinook,1953,NA,NA,NA,Yukon
69,1208,Chinook,1953,NA,NA,NA,Yukon
70,1209,Chinook,1953,NA,NA,NA,Yukon
71,1210,Chinook,1953,NA,NA,NA,Yukon
72,1211,Chinook,1953,NA,NA,NA,Yukon
73,1212,Chinook,1953,NA,NA,NA,Yukon
74,1213,Chum,1953,NA,NA,NA,Yukon
75,1214,Chum,1953,NA,NA,NA,Yukon
76,1215,Chum,1953,NA,NA,NA,Yukon
77,1216,Chum,1953,NA,NA,NA,Yukon
78,1217,Chum,1953,NA,NA,NA,Yukon
79,1218,Chum,1953,NA,NA,NA,Yukon
80,1219,Chum,1953,NA,NA,NA,Yukon
81,1120,Coho,1954,NA,NA,NA,Yukon
82,1201,Chinook,1954,NA,NA,NA,Yukon
83,1202,Chinook,1954,NA,NA,NA,Yukon
84,1203,Chinook,1954,NA,NA,NA,Yukon
85,1204,Chinook,1954,NA,NA,NA,Yukon
86,1205,Chinook,1954,NA,NA,NA,Yukon
87,1206,Chinook,1954,NA,NA,NA,Yukon
88,1207,Chinook,1954,NA,NA,NA,Yukon
89,1208,Chinook,1954,NA,NA,NA,Yukon
90,1209,Chinook,1954,NA,NA,NA,Yukon
91,1210,Chinook,1954,NA,NA,NA,Yukon
92,1211,Chinook,1954,NA,NA,NA,Yukon
93,1212,Chinook,1954,NA,NA,NA,Yukon
94,1213,Chum,1954,NA,NA,NA,Yukon
95,1214,Chum,1954,NA,NA,NA,Yukon
96,1215,Chum,1954,NA,NA,NA,Yukon
97,1216,Chum,1954,NA,NA,NA,Yukon
98,1217,Chum,1954,NA,NA,NA,Yukon
99,1218,Chum,1954,NA,NA,NA,Yukon
100,1219,Chum,1954,NA,NA,NA,Yukon
101,1120,Coho,1955,NA,NA,NA,Yukon
102,1201,Chinook,1955,NA,NA,NA,Yukon
103,1202,Chinook,1955,NA,NA,NA,Yukon
104,1203,Chinook,1955,NA,NA,NA,Yukon
105,1204,Chinook,1955,NA,NA,NA,Yukon
106,1205,Chinook,1955,NA,NA,NA,Yukon
107,1206,Chinook,1955,NA,NA,NA,Yukon
108,1207,Chinook,1955,NA,NA,NA,Yukon
109,1208,Chinook,1955,NA,NA,NA,Yukon
110,1209,Chinook,1955,NA,NA,NA,Yukon
111,1210,Chinook,1955,NA,NA,NA,Yukon
112,1211,Chinook,1955,NA,NA,NA,Yukon
113,1212,Chinook,1955,NA,NA,NA,Yukon
114,1213,Chum,1955,NA,NA,NA,Yukon
115,1214,Chum,1955,NA,NA,NA,Yukon
116,1215,Chum,1955,NA,NA,NA,Yukon
117,1216,Chum,1955,NA,NA,NA,Yukon
118,1217,Chum,1955,NA,NA,NA,Yukon
119,1218,Chum,1955,NA,NA,NA,Yukon
120,1219,Chum,1955,NA,NA,NA,Yukon
121,1120,Coho,1956,NA,NA,NA,Yukon
122,1201,Chinook,1956,NA,NA,NA,Yukon
123,1202,Chinook,1956,NA,NA,NA,Yukon
124,1203,Chinook,1956,NA,NA,NA,Yukon
125,1204,Chinook,1956,NA,NA,NA,Yukon
126,1205,Chinook,1956,NA,1,NA,Yukon
127,1206,Chinook,1956,NA,NA,NA,Yukon
128,1207,Chinook,1956,NA,NA,NA,Yukon
129,1208,Chinook,1956,NA,NA,NA,Yukon
130,1209,Chinook,1956,NA,NA,NA,Yukon
131,1210,Chinook,1956,NA,NA,NA,Yukon
132,1211,Chinook,1956,NA,NA,NA,Yukon
133,1212,Chinook,1956,NA,NA,NA,Yukon
134,1213,Chum,1956,NA,NA,NA,Yukon
135,1214,Chum,1956,NA,NA,NA,Yukon
136,1215,Chum,1956,NA,NA,NA,Yukon
137,1216,Chum,1956,NA,NA,NA,Yukon
138,1217,Chum,1956,NA,NA,NA,Yukon
139,1218,Chum,1956,NA,NA,NA,Yukon
140,1219,Chum,1956,NA,NA,NA,Yukon
141,1120,Coho,1957,NA,NA,NA,Yukon
142,1201,Chinook,1957,NA,NA,NA,Yukon
143,1202,Chinook,1957,NA,NA,NA,Yukon
144,1203,Chinook,1957,NA,NA,NA,Yukon
145,1204,Chinook,1957,NA,NA,NA,Yukon
146,1205,Chinook,1957,NA,NA,NA,Yukon
147,1206,Chinook,1957,NA,NA,NA,Yukon
148,1207,Chinook,1957,NA,NA,NA,Yukon
149,1208,Chinook,1957,NA,NA,NA,Yukon
150,1209,Chinook,1957,NA,NA,NA,Yukon
151,1210,Chinook,1957,NA,NA,NA,Yukon
152,1211,Chinook,1957,NA,NA,NA,Yukon
153,1212,Chinook,1957,NA,NA,NA,Yukon
154,1213,Chum,1957,NA,NA,NA,Yukon
155,1214,Chum,1957,NA,NA,NA,Yukon
156,1215,Chum,1957,NA,NA,NA,Yukon
157,1216,Chum,1957,NA,NA,NA,Yukon
158,1217,Chum,1957,NA,NA,NA,Yukon
159,1218,Chum,1957,NA,NA,NA,Yukon
160,1219,Chum,1957,NA,NA,NA,Yukon
161,1120,Coho,1958,NA,NA,NA,Yukon
162,1201,Chinook,1958,NA,NA,NA,Yukon
163,1202,Chinook,1958,NA,NA,NA,Yukon
164,1203,Chinook,1958,NA,NA,NA,Yukon
165,1204,Chinook,1958,NA,NA,NA,Yukon
166,1205,Chinook,1958,NA,NA,NA,Yukon
167,1206,Chinook,1958,NA,NA,NA,Yukon
168,1207,Chinook,1958,NA,NA,NA,Yukon
169,1208,Chinook,1958,NA,NA,NA,Yukon
170,1209,Chinook,1958,NA,NA,NA,Yukon
171,1210,Chinook,1958,NA,NA,NA,Yukon
172,1211,Chinook,1958,NA,259,NA,Yukon
173,1212,Chinook,1958,NA,NA,NA,Yukon
174,1213,Chum,1958,NA,NA,NA,Yukon
175,1214,Chum,1958,NA,NA,NA,Yukon
176,1215,Chum,1958,NA,NA,NA,Yukon
177,1216,Chum,1958,NA,NA,NA,Yukon
178,1217,Chum,1958,NA,NA,NA,Yukon
179,1218,Chum,1958,NA,NA,NA,Yukon
180,1219,Chum,1958,NA,NA,NA,Yukon
181,1120,Coho,1959,NA,NA,NA,Yukon
182,1201,Chinook,1959,NA,NA,NA,Yukon
183,1202,Chinook,1959,NA,NA,NA,Yukon
184,1203,Chinook,1959,NA,NA,NA,Yukon
185,1204,Chinook,1959,NA,NA,NA,Yukon
186,1205,Chinook,1959,NA,NA,NA,Yukon
187,1206,Chinook,1959,NA,NA,NA,Yukon
188,1207,Chinook,1959,NA,NA,NA,Yukon
189,1208,Chinook,1959,NA,NA,NA,Yukon
190,1209,Chinook,1959,NA,NA,NA,Yukon
191,1210,Chinook,1959,NA,NA,NA,Yukon
192,1211,Chinook,1959,NA,1122,NA,Yukon
193,1212,Chinook,1959,NA,NA,NA,Yukon
194,1213,Chum,1959,NA,NA,NA,Yukon
195,1214,Chum,1959,NA,NA,NA,Yukon
196,1215,Chum,1959,NA,NA,NA,Yukon
197,1216,Chum,1959,NA,NA,NA,Yukon
198,1217,Chum,1959,NA,NA,NA,Yukon
199,1218,Chum,1959,NA,NA,NA,Yukon
200,1219,Chum,1959,NA,NA,NA,Yukon
201,1120,Coho,1960,NA,NA,NA,Yukon
202,1201,Chinook,1960,NA,NA,NA,Yukon
203,1202,Chinook,1960,NA,NA,NA,Yukon
204,1203,Chinook,1960,NA,NA,NA,Yukon
205,1204,Chinook,1960,NA,NA,NA,Yukon
206,1205,Chinook,1960,NA,NA,NA,Yukon
207,1206,Chinook,1960,NA,NA,NA,Yukon
208,1207,Chinook,1960,NA,NA,NA,Yukon
209,1208,Chinook,1960,NA,NA,NA,Yukon
210,1209,Chinook,1960,NA,NA,NA,Yukon
211,1210,Chinook,1960,NA,NA,NA,Yukon
212,1211,Chinook,1960,NA,718,NA,Yukon
213,1212,Chinook,1960,NA,NA,NA,Yukon
214,1213,Chum,1960,NA,NA,NA,Yukon
215,1214,Chum,1960,NA,NA,NA,Yukon
216,1215,Chum,1960,NA,NA,NA,Yukon
217,1216,Chum,1960,NA,NA,NA,Yukon
218,1217,Chum,1960,NA,NA,NA,Yukon
219,1218,Chum,1960,NA,NA,NA,Yukon
220,1219,Chum,1960,NA,NA,NA,Yukon
221,1120,Coho,1961,NA,NA,NA,Yukon
222,1201,Chinook,1961,NA,NA,NA,Yukon
223,1202,Chinook,1961,NA,NA,NA,Yukon
224,1203,Chinook,1961,NA,NA,NA,Yukon
225,1204,Chinook,1961,NA,NA,NA,Yukon
226,1205,Chinook,1961,NA,NA,NA,Yukon
227,1206,Chinook,1961,NA,NA,NA,Yukon
228,1207,Chinook,1961,NA,NA,NA,Yukon
229,1208,Chinook,1961,NA,NA,NA,Yukon
230,1209,Chinook,1961,NA,NA,NA,Yukon
231,1210,Chinook,1961,NA,NA,NA,Yukon
232,1211,Chinook,1961,NA,1068,NA,Yukon
233,1212,Chinook,1961,NA,NA,NA,Yukon
234,1213,Chum,1961,NA,NA,NA,Yukon
235,1214,Chum,1961,NA,NA,NA,Yukon
236,1215,Chum,1961,NA,NA,NA,Yukon
237,1216,Chum,1961,NA,NA,NA,Yukon
238,1217,Chum,1961,NA,NA,NA,Yukon
239,1218,Chum,1961,NA,NA,NA,Yukon
240,1219,Chum,1961,NA,NA,NA,Yukon
241,1120,Coho,1962,NA,NA,NA,Yukon
242,1201,Chinook,1962,NA,NA,NA,Yukon
243,1202,Chinook,1962,NA,NA,NA,Yukon
244,1203,Chinook,1962,NA,NA,NA,Yukon
245,1204,Chinook,1962,NA,NA,NA,Yukon
246,1205,Chinook,1962,NA,NA,NA,Yukon
247,1206,Chinook,1962,NA,NA,NA,Yukon
248,1207,Chinook,1962,NA,NA,NA,Yukon
249,1208,Chinook,1962,NA,NA,NA,Yukon
250,1209,Chinook,1962,NA,NA,NA,Yukon
251,1210,Chinook,1962,NA,NA,NA,Yukon
252,1211,Chinook,1962,NA,1500,NA,Yukon
253,1212,Chinook,1962,NA,NA,NA,Yukon
254,1213,Chum,1962,NA,NA,NA,Yukon
255,1214,Chum,1962,NA,NA,NA,Yukon
256,1215,Chum,1962,NA,NA,NA,Yukon
257,1216,Chum,1962,NA,NA,NA,Yukon
258,1217,Chum,1962,NA,NA,NA,Yukon
259,1218,Chum,1962,NA,NA,NA,Yukon
260,1219,Chum,1962,NA,NA,NA,Yukon
261,1120,Coho,1963,NA,NA,NA,Yukon
262,1201,Chinook,1963,NA,NA,NA,Yukon
263,1202,Chinook,1963,NA,NA,NA,Yukon
264,1203,Chinook,1963,NA,NA,NA,Yukon
265,1204,Chinook,1963,NA,NA,NA,Yukon
266,1205,Chinook,1963,NA,NA,NA,Yukon
267,1206,Chinook,1963,NA,NA,NA,Yukon
268,1207,Chinook,1963,NA,NA,NA,Yukon
269,1208,Chinook,1963,NA,NA,NA,Yukon
270,1209,Chinook,1963,NA,NA,NA,Yukon
271,1210,Chinook,1963,NA,NA,NA,Yukon
272,1211,Chinook,1963,NA,733,NA,Yukon
273,1212,Chinook,1963,NA,NA,NA,Yukon
274,1213,Chum,1963,NA,NA,NA,Yukon
275,1214,Chum,1963,NA,NA,NA,Yukon
276,1215,Chum,1963,NA,NA,NA,Yukon
277,1216,Chum,1963,NA,NA,NA,Yukon
278,1217,Chum,1963,NA,NA,NA,Yukon
279,1218,Chum,1963,NA,NA,NA,Yukon
280,1219,Chum,1963,NA,NA,NA,Yukon
281,1120,Coho,1964,NA,NA,NA,Yukon
282,1201,Chinook,1964,NA,NA,NA,Yukon
283,1202,Chinook,1964,NA,NA,NA,Yukon
284,1203,Chinook,1964,NA,NA,NA,Yukon
285,1204,Chinook,1964,NA,NA,NA,Yukon
286,1205,Chinook,1964,NA,NA,NA,Yukon
287,1206,Chinook,1964,NA,NA,NA,Yukon
288,1207,Chinook,1964,NA,NA,NA,Yukon
289,1208,Chinook,1964,NA,NA,NA,Yukon
290,1209,Chinook,1964,NA,NA,NA,Yukon
291,1210,Chinook,1964,NA,NA,NA,Yukon
292,1211,Chinook,1964,NA,595,NA,Yukon
293,1212,Chinook,1964,NA,NA,NA,Yukon
294,1213,Chum,1964,NA,NA,NA,Yukon
295,1214,Chum,1964,NA,NA,NA,Yukon
296,1215,Chum,1964,NA,NA,NA,Yukon
297,1216,Chum,1964,NA,NA,NA,Yukon
298,1217,Chum,1964,NA,NA,NA,Yukon
299,1218,Chum,1964,NA,NA,NA,Yukon
300,1219,Chum,1964,NA,NA,NA,Yukon
301,1120,Coho,1965,NA,NA,NA,Yukon
302,1201,Chinook,1965,NA,NA,NA,Yukon
303,1202,Chinook,1965,NA,NA,NA,Yukon
304,1203,Chinook,1965,NA,NA,NA,Yukon
305,1204,Chinook,1965,NA,NA,NA,Yukon
306,1205,Chinook,1965,NA,NA,NA,Yukon
307,1206,Chinook,1965,NA,NA,NA,Yukon
308,1207,Chinook,1965,NA,NA,NA,Yukon
309,1208,Chinook,1965,NA,NA,NA,Yukon
310,1209,Chinook,1965,NA,NA,NA,Yukon
311,1210,Chinook,1965,NA,NA,NA,Yukon
312,1211,Chinook,1965,NA,903,NA,Yukon
313,1212,Chinook,1965,NA,NA,NA,Yukon
314,1213,Chum,1965,NA,NA,NA,Yukon
315,1214,Chum,1965,NA,NA,NA,Yukon
316,1215,Chum,1965,NA,NA,NA,Yukon
317,1216,Chum,1965,NA,NA,NA,Yukon
318,1217,Chum,1965,NA,NA,NA,Yukon
319,1218,Chum,1965,NA,NA,NA,Yukon
320,1219,Chum,1965,NA,NA,NA,Yukon
321,1120,Coho,1966,NA,NA,NA,Yukon
322,1201,Chinook,1966,NA,NA,NA,Yukon
323,1202,Chinook,1966,NA,NA,NA,Yukon
324,1203,Chinook,1966,NA,NA,NA,Yukon
325,1204,Chinook,1966,NA,7,NA,Yukon
326,1205,Chinook,1966,NA,NA,NA,Yukon
327,1206,Chinook,1966,NA,NA,NA,Yukon
328,1207,Chinook,1966,NA,NA,NA,Yukon
329,1208,Chinook,1966,NA,NA,NA,Yukon
330,1209,Chinook,1966,NA,NA,NA,Yukon
331,1210,Chinook,1966,NA,NA,NA,Yukon
332,1211,Chinook,1966,NA,657,NA,Yukon
333,1212,Chinook,1966,NA,NA,NA,Yukon
334,1213,Chum,1966,NA,NA,NA,Yukon
335,1214,Chum,1966,NA,NA,NA,Yukon
336,1215,Chum,1966,NA,NA,NA,Yukon
337,1216,Chum,1966,NA,NA,NA,Yukon
338,1217,Chum,1966,NA,NA,NA,Yukon
339,1218,Chum,1966,NA,NA,NA,Yukon
340,1219,Chum,1966,NA,NA,NA,Yukon
341,1120,Coho,1967,NA,NA,NA,Yukon
342,1201,Chinook,1967,NA,NA,NA,Yukon
343,1202,Chinook,1967,NA,NA,NA,Yukon
344,1203,Chinook,1967,NA,NA,NA,Yukon
345,1204,Chinook,1967,NA,NA,NA,Yukon
346,1205,Chinook,1967,NA,NA,NA,Yukon
347,1206,Chinook,1967,NA,NA,NA,Yukon
348,1207,Chinook,1967,NA,NA,NA,Yukon
349,1208,Chinook,1967,NA,NA,NA,Yukon
350,1209,Chinook,1967,NA,NA,NA,Yukon
351,1210,Chinook,1967,NA,NA,NA,Yukon
352,1211,Chinook,1967,NA,533,NA,Yukon
353,1212,Chinook,1967,NA,NA,NA,Yukon
354,1213,Chum,1967,NA,NA,NA,Yukon
355,1214,Chum,1967,NA,NA,NA,Yukon
356,1215,Chum,1967,NA,NA,NA,Yukon
357,1216,Chum,1967,NA,NA,NA,Yukon
358,1217,Chum,1967,NA,NA,NA,Yukon
359,1218,Chum,1967,NA,NA,NA,Yukon
360,1219,Chum,1967,NA,NA,NA,Yukon
361,1120,Coho,1968,NA,NA,NA,Yukon
362,1201,Chinook,1968,NA,827,NA,Yukon
363,1202,Chinook,1968,NA,NA,NA,Yukon
364,1203,Chinook,1968,NA,329,NA,Yukon
365,1204,Chinook,1968,NA,173,NA,Yukon
366,1205,Chinook,1968,NA,142,NA,Yukon
367,1206,Chinook,1968,NA,NA,NA,Yukon
368,1207,Chinook,1968,NA,NA,NA,Yukon
369,1208,Chinook,1968,NA,NA,NA,Yukon
370,1209,Chinook,1968,NA,NA,NA,Yukon
371,1210,Chinook,1968,NA,NA,NA,Yukon
372,1211,Chinook,1968,NA,414,NA,Yukon
373,1212,Chinook,1968,NA,814,NA,Yukon
374,1213,Chum,1968,NA,NA,NA,Yukon
375,1214,Chum,1968,NA,NA,NA,Yukon
376,1215,Chum,1968,NA,NA,NA,Yukon
377,1216,Chum,1968,NA,NA,NA,Yukon
378,1217,Chum,1968,NA,NA,NA,Yukon
379,1218,Chum,1968,NA,NA,NA,Yukon
380,1219,Chum,1968,NA,NA,NA,Yukon
381,1120,Coho,1969,NA,NA,NA,Yukon
382,1201,Chinook,1969,NA,286,NA,Yukon
383,1202,Chinook,1969,NA,NA,NA,Yukon
384,1203,Chinook,1969,NA,25,NA,Yukon
385,1204,Chinook,1969,NA,120,NA,Yukon
386,1205,Chinook,1969,NA,4,NA,Yukon
387,1206,Chinook,1969,NA,7,NA,Yukon
388,1207,Chinook,1969,NA,NA,NA,Yukon
389,1208,Chinook,1969,NA,NA,NA,Yukon
390,1209,Chinook,1969,NA,NA,NA,Yukon
391,1210,Chinook,1969,NA,NA,NA,Yukon
392,1211,Chinook,1969,NA,334,NA,Yukon
393,1212,Chinook,1969,NA,217,NA,Yukon
394,1213,Chum,1969,NA,NA,NA,Yukon
395,1214,Chum,1969,NA,NA,NA,Yukon
396,1215,Chum,1969,NA,NA,NA,Yukon
397,1216,Chum,1969,NA,NA,NA,Yukon
398,1217,Chum,1969,NA,NA,NA,Yukon
399,1218,Chum,1969,NA,NA,NA,Yukon
400,1219,Chum,1969,NA,NA,NA,Yukon
401,1120,Coho,1970,NA,NA,NA,Yukon
402,1201,Chinook,1970,NA,670,NA,Yukon
403,1202,Chinook,1970,NA,NA,NA,Yukon
404,1203,Chinook,1970,NA,NA,NA,Yukon
405,1204,Chinook,1970,NA,100,NA,Yukon
406,1205,Chinook,1970,NA,NA,NA,Yukon
407,1206,Chinook,1970,NA,51,NA,Yukon
408,1207,Chinook,1970,NA,NA,NA,Yukon
409,1208,Chinook,1970,NA,NA,NA,Yukon
410,1209,Chinook,1970,NA,NA,NA,Yukon
411,1210,Chinook,1970,NA,NA,NA,Yukon
412,1211,Chinook,1970,NA,625,NA,Yukon
413,1212,Chinook,1970,NA,1352,NA,Yukon
414,1213,Chum,1970,NA,NA,NA,Yukon
415,1214,Chum,1970,NA,NA,NA,Yukon
416,1215,Chum,1970,NA,NA,NA,Yukon
417,1216,Chum,1970,NA,NA,NA,Yukon
418,1217,Chum,1970,NA,NA,NA,Yukon
419,1218,Chum,1970,NA,NA,NA,Yukon
420,1219,Chum,1970,NA,NA,NA,Yukon
421,1120,Coho,1971,NA,NA,NA,Yukon
422,1201,Chinook,1971,NA,275,NA,Yukon
423,1202,Chinook,1971,NA,NA,NA,Yukon
424,1203,Chinook,1971,NA,NA,NA,Yukon
425,1204,Chinook,1971,NA,405,NA,Yukon
426,1205,Chinook,1971,NA,NA,NA,Yukon
427,1206,Chinook,1971,NA,50,NA,Yukon
428,1207,Chinook,1971,NA,NA,NA,Yukon
429,1208,Chinook,1971,NA,NA,NA,Yukon
430,1209,Chinook,1971,NA,NA,NA,Yukon
431,1210,Chinook,1971,NA,NA,NA,Yukon
432,1211,Chinook,1971,NA,856,NA,Yukon
433,1212,Chinook,1971,NA,1750,NA,Yukon
434,1213,Chum,1971,NA,NA,NA,Yukon
435,1214,Chum,1971,NA,NA,NA,Yukon
436,1215,Chum,1971,NA,NA,NA,Yukon
437,1216,Chum,1971,NA,NA,NA,Yukon
438,1217,Chum,1971,NA,312800,NA,Yukon
439,1218,Chum,1971,NA,NA,NA,Yukon
440,1219,Chum,1971,NA,NA,NA,Yukon
441,1120,Coho,1972,NA,NA,NA,Yukon
442,1201,Chinook,1972,NA,415,NA,Yukon
443,1202,Chinook,1972,NA,NA,NA,Yukon
444,1203,Chinook,1972,NA,166,NA,Yukon
445,1204,Chinook,1972,NA,206,NA,Yukon
446,1205,Chinook,1972,NA,26,NA,Yukon
447,1206,Chinook,1972,NA,30,NA,Yukon
448,1207,Chinook,1972,NA,NA,NA,Yukon
449,1208,Chinook,1972,NA,NA,NA,Yukon
450,1209,Chinook,1972,NA,45,NA,Yukon
451,1210,Chinook,1972,NA,NA,NA,Yukon
452,1211,Chinook,1972,NA,408,NA,Yukon
453,1212,Chinook,1972,NA,333,NA,Yukon
454,1213,Chum,1972,NA,NA,NA,Yukon
455,1214,Chum,1972,NA,NA,NA,Yukon
456,1215,Chum,1972,NA,NA,NA,Yukon
457,1216,Chum,1972,NA,198,NA,Yukon
458,1217,Chum,1972,NA,35230,NA,Yukon
459,1218,Chum,1972,NA,NA,NA,Yukon
460,1219,Chum,1972,NA,NA,NA,Yukon
461,1120,Coho,1973,NA,NA,NA,Yukon
462,1201,Chinook,1973,NA,75,NA,Yukon
463,1202,Chinook,1973,NA,NA,NA,Yukon
464,1203,Chinook,1973,NA,23,NA,Yukon
465,1204,Chinook,1973,NA,126,NA,Yukon
466,1205,Chinook,1973,NA,NA,NA,Yukon
467,1206,Chinook,1973,NA,30,NA,Yukon
468,1207,Chinook,1973,NA,NA,NA,Yukon
469,1208,Chinook,1973,NA,NA,NA,Yukon
470,1209,Chinook,1973,NA,NA,NA,Yukon
471,1210,Chinook,1973,NA,NA,NA,Yukon
472,1211,Chinook,1973,NA,224,NA,Yukon
473,1212,Chinook,1973,NA,66,NA,Yukon
474,1213,Chum,1973,NA,383,NA,Yukon
475,1214,Chum,1973,NA,50,NA,Yukon
476,1215,Chum,1973,NA,NA,NA,Yukon
477,1216,Chum,1973,NA,2500,NA,Yukon
478,1217,Chum,1973,NA,15991,NA,Yukon
479,1218,Chum,1973,NA,NA,NA,Yukon
480,1219,Chum,1973,NA,NA,NA,Yukon
481,1120,Coho,1974,NA,NA,NA,Yukon
482,1201,Chinook,1974,NA,70,NA,Yukon
483,1202,Chinook,1974,NA,NA,NA,Yukon
484,1203,Chinook,1974,NA,NA,NA,Yukon
485,1204,Chinook,1974,NA,192,NA,Yukon
486,1205,Chinook,1974,NA,42,NA,Yukon
487,1206,Chinook,1974,NA,NA,NA,Yukon
488,1207,Chinook,1974,NA,NA,NA,Yukon
489,1208,Chinook,1974,NA,NA,NA,Yukon
490,1209,Chinook,1974,NA,117,NA,Yukon
491,1210,Chinook,1974,NA,NA,NA,Yukon
492,1211,Chinook,1974,NA,293,NA,Yukon
493,1212,Chinook,1974,NA,48,NA,Yukon
494,1213,Chum,1974,NA,NA,NA,Yukon
495,1214,Chum,1974,NA,NA,NA,Yukon
496,1215,Chum,1974,NA,NA,NA,Yukon
497,1216,Chum,1974,NA,400,NA,Yukon
498,1217,Chum,1974,NA,31841,NA,Yukon
499,1218,Chum,1974,NA,NA,NA,Yukon
500,1219,Chum,1974,NA,NA,NA,Yukon
501,1120,Coho,1975,NA,NA,NA,Yukon
502,1201,Chinook,1975,NA,153,NA,Yukon
503,1202,Chinook,1975,NA,NA,NA,Yukon
504,1203,Chinook,1975,NA,NA,NA,Yukon
505,1204,Chinook,1975,NA,175,NA,Yukon
506,1205,Chinook,1975,NA,NA,NA,Yukon
507,1206,Chinook,1975,NA,72,NA,Yukon
508,1207,Chinook,1975,NA,NA,NA,Yukon
509,1208,Chinook,1975,NA,NA,NA,Yukon
510,1209,Chinook,1975,NA,NA,NA,Yukon
511,1210,Chinook,1975,NA,NA,NA,Yukon
512,1211,Chinook,1975,NA,480,NA,Yukon
513,1212,Chinook,1975,NA,361,NA,Yukon
514,1213,Chum,1975,NA,7671,NA,Yukon
515,1214,Chum,1975,NA,NA,NA,Yukon
516,1215,Chum,1975,NA,NA,NA,Yukon
517,1216,Chum,1975,NA,362,NA,Yukon
518,1217,Chum,1975,NA,353282,NA,Yukon
519,1218,Chum,1975,NA,NA,NA,Yukon
520,1219,Chum,1975,NA,NA,NA,Yukon
521,1120,Coho,1976,NA,NA,NA,Yukon
522,1201,Chinook,1976,NA,86,NA,Yukon
523,1202,Chinook,1976,NA,NA,NA,Yukon
524,1203,Chinook,1976,NA,NA,NA,Yukon
525,1204,Chinook,1976,NA,52,NA,Yukon
526,1205,Chinook,1976,NA,NA,NA,Yukon
527,1206,Chinook,1976,NA,NA,NA,Yukon
528,1207,Chinook,1976,NA,NA,NA,Yukon
529,1208,Chinook,1976,NA,NA,NA,Yukon
530,1209,Chinook,1976,NA,NA,NA,Yukon
531,1210,Chinook,1976,NA,NA,NA,Yukon
532,1211,Chinook,1976,NA,142,NA,Yukon
533,1212,Chinook,1976,NA,102,NA,Yukon
534,1213,Chum,1976,NA,NA,NA,Yukon
535,1214,Chum,1976,NA,NA,NA,Yukon
536,1215,Chum,1976,NA,NA,NA,Yukon
537,1216,Chum,1976,NA,20,NA,Yukon
538,1217,Chum,1976,NA,36584,NA,Yukon
539,1218,Chum,1976,NA,NA,NA,Yukon
540,1219,Chum,1976,NA,NA,NA,Yukon
541,1120,Coho,1977,NA,NA,NA,Yukon
542,1201,Chinook,1977,NA,316,NA,Yukon
543,1202,Chinook,1977,NA,NA,NA,Yukon
544,1203,Chinook,1977,NA,NA,NA,Yukon
545,1204,Chinook,1977,NA,558,NA,Yukon
546,1205,Chinook,1977,NA,43,NA,Yukon
547,1206,Chinook,1977,NA,NA,NA,Yukon
548,1207,Chinook,1977,NA,NA,NA,Yukon
549,1208,Chinook,1977,NA,NA,NA,Yukon
550,1209,Chinook,1977,NA,NA,NA,Yukon
551,1210,Chinook,1977,NA,NA,NA,Yukon
552,1211,Chinook,1977,NA,365,NA,Yukon
553,1212,Chinook,1977,NA,122,NA,Yukon
554,1213,Chum,1977,NA,NA,NA,Yukon
555,1214,Chum,1977,NA,NA,NA,Yukon
556,1215,Chum,1977,NA,NA,NA,Yukon
557,1216,Chum,1977,NA,3555,NA,Yukon
558,1217,Chum,1977,NA,88400,NA,Yukon
559,1218,Chum,1977,NA,NA,NA,Yukon
560,1219,Chum,1977,NA,NA,NA,Yukon
561,1120,Coho,1978,NA,NA,NA,Yukon
562,1201,Chinook,1978,NA,524,NA,Yukon
563,1202,Chinook,1978,NA,NA,NA,Yukon
564,1203,Chinook,1978,NA,NA,NA,Yukon
565,1204,Chinook,1978,NA,530,NA,Yukon
566,1205,Chinook,1978,NA,NA,NA,Yukon
567,1206,Chinook,1978,NA,NA,NA,Yukon
568,1207,Chinook,1978,NA,NA,NA,Yukon
569,1208,Chinook,1978,NA,NA,NA,Yukon
570,1209,Chinook,1978,NA,NA,NA,Yukon
571,1210,Chinook,1978,NA,NA,NA,Yukon
572,1211,Chinook,1978,NA,840,NA,Yukon
573,1212,Chinook,1978,NA,375,NA,Yukon
574,1213,Chum,1978,NA,NA,NA,Yukon
575,1214,Chum,1978,NA,NA,NA,Yukon
576,1215,Chum,1978,NA,NA,NA,Yukon
577,1216,Chum,1978,NA,NA,NA,Yukon
578,1217,Chum,1978,NA,40800,NA,Yukon
579,1218,Chum,1978,NA,NA,NA,Yukon
580,1219,Chum,1978,NA,NA,NA,Yukon
581,1120,Coho,1979,NA,NA,NA,Yukon
582,1201,Chinook,1979,NA,632,NA,Yukon
583,1202,Chinook,1979,NA,NA,NA,Yukon
584,1203,Chinook,1979,NA,NA,NA,Yukon
585,1204,Chinook,1979,NA,639,NA,Yukon
586,1205,Chinook,1979,NA,NA,NA,Yukon
587,1206,Chinook,1979,NA,NA,NA,Yukon
588,1207,Chinook,1979,NA,NA,NA,Yukon
589,1208,Chinook,1979,NA,NA,NA,Yukon
590,1209,Chinook,1979,NA,NA,NA,Yukon
591,1210,Chinook,1979,NA,NA,NA,Yukon
592,1211,Chinook,1979,NA,1284,NA,Yukon
593,1212,Chinook,1979,NA,896,NA,Yukon
594,1213,Chum,1979,NA,NA,NA,Yukon
595,1214,Chum,1979,NA,NA,NA,Yukon
596,1215,Chum,1979,NA,NA,NA,Yukon
597,1216,Chum,1979,NA,4640,NA,Yukon
598,1217,Chum,1979,NA,119898,NA,Yukon
599,1218,Chum,1979,NA,NA,NA,Yukon
600,1219,Chum,1979,NA,NA,NA,Yukon
601,1120,Coho,1980,NA,NA,NA,Yukon
602,1201,Chinook,1980,NA,1436,NA,Yukon
603,1202,Chinook,1980,NA,NA,NA,Yukon
604,1203,Chinook,1980,NA,NA,NA,Yukon
605,1204,Chinook,1980,NA,508,NA,Yukon
606,1205,Chinook,1980,NA,NA,NA,Yukon
607,1206,Chinook,1980,NA,270,NA,Yukon
608,1207,Chinook,1980,NA,NA,NA,Yukon
609,1208,Chinook,1980,NA,NA,NA,Yukon
610,1209,Chinook,1980,NA,NA,NA,Yukon
611,1210,Chinook,1980,NA,NA,NA,Yukon
612,1211,Chinook,1980,NA,1553,NA,Yukon
613,1212,Chinook,1980,NA,2376,NA,Yukon
614,1213,Chum,1980,NA,NA,NA,Yukon
615,1214,Chum,1980,NA,NA,NA,Yukon
616,1215,Chum,1980,NA,300,NA,Yukon
617,1216,Chum,1980,NA,3150,NA,Yukon
618,1217,Chum,1980,NA,55268,NA,Yukon
619,1218,Chum,1980,NA,NA,NA,Yukon
620,1219,Chum,1980,NA,NA,NA,Yukon
621,1120,Coho,1981,NA,NA,NA,Yukon
622,1201,Chinook,1981,NA,2411,NA,Yukon
623,1202,Chinook,1981,NA,NA,NA,Yukon
624,1203,Chinook,1981,NA,1344,NA,Yukon
625,1204,Chinook,1981,NA,803,NA,Yukon
626,1205,Chinook,1981,NA,17,NA,Yukon
627,1206,Chinook,1981,NA,1203,NA,Yukon
628,1207,Chinook,1981,NA,NA,NA,Yukon
629,1208,Chinook,1981,NA,NA,NA,Yukon
630,1209,Chinook,1981,NA,NA,NA,Yukon
631,1210,Chinook,1981,NA,NA,NA,Yukon
632,1211,Chinook,1981,NA,2722,NA,Yukon
633,1212,Chinook,1981,NA,4907,NA,Yukon
634,1213,Chum,1981,NA,NA,NA,Yukon
635,1214,Chum,1981,NA,20,NA,Yukon
636,1215,Chum,1981,NA,NA,NA,Yukon
637,1216,Chum,1981,NA,25806,NA,Yukon
638,1217,Chum,1981,NA,57388,NA,Yukon
639,1218,Chum,1981,NA,NA,NA,Yukon
640,1219,Chum,1981,NA,NA,NA,Yukon
641,1120,Coho,1982,NA,NA,NA,Yukon
642,1201,Chinook,1982,NA,758,NA,Yukon
643,1202,Chinook,1982,NA,NA,NA,Yukon
644,1203,Chinook,1982,NA,213,NA,Yukon
645,1204,Chinook,1982,NA,476,NA,Yukon
646,1205,Chinook,1982,NA,77,NA,Yukon
647,1206,Chinook,1982,NA,687,NA,Yukon
648,1207,Chinook,1982,NA,NA,NA,Yukon
649,1208,Chinook,1982,NA,NA,NA,Yukon
650,1209,Chinook,1982,NA,NA,NA,Yukon
651,1210,Chinook,1982,NA,NA,NA,Yukon
652,1211,Chinook,1982,NA,502,NA,Yukon
653,1212,Chinook,1982,NA,1699,NA,Yukon
654,1213,Chum,1982,NA,1020,NA,Yukon
655,1214,Chum,1982,NA,NA,NA,Yukon
656,1215,Chum,1982,NA,NA,NA,Yukon
657,1216,Chum,1982,NA,5378,NA,Yukon
658,1217,Chum,1982,NA,15901,NA,Yukon
659,1218,Chum,1982,NA,NA,NA,Yukon
660,1219,Chum,1982,NA,NA,NA,Yukon
661,1120,Coho,1983,NA,NA,NA,Yukon
662,1201,Chinook,1983,NA,540,NA,Yukon
663,1202,Chinook,1983,NA,12,NA,Yukon
664,1203,Chinook,1983,NA,74,NA,Yukon
665,1204,Chinook,1983,NA,365,NA,Yukon
666,1205,Chinook,1983,NA,8,NA,Yukon
667,1206,Chinook,1983,NA,211,NA,Yukon
668,1207,Chinook,1983,NA,NA,NA,Yukon
669,1208,Chinook,1983,NA,NA,NA,Yukon
670,1209,Chinook,1983,NA,NA,NA,Yukon
671,1210,Chinook,1983,NA,NA,NA,Yukon
672,1211,Chinook,1983,NA,1010,NA,Yukon
673,1212,Chinook,1983,NA,1538,NA,Yukon
674,1213,Chum,1983,NA,7560,NA,Yukon
675,1214,Chum,1983,NA,NA,NA,Yukon
676,1215,Chum,1983,NA,NA,NA,Yukon
677,1216,Chum,1983,NA,8578,NA,Yukon
678,1217,Chum,1983,NA,27200,NA,Yukon
679,1218,Chum,1983,NA,NA,NA,Yukon
680,1219,Chum,1983,NA,NA,NA,Yukon
681,1120,Coho,1984,NA,NA,NA,Yukon
682,1201,Chinook,1984,NA,1044,NA,Yukon
683,1202,Chinook,1984,NA,NA,NA,Yukon
684,1203,Chinook,1984,NA,151,NA,Yukon
685,1204,Chinook,1984,NA,587,NA,Yukon
686,1205,Chinook,1984,NA,NA,NA,Yukon
687,1206,Chinook,1984,NA,150,NA,Yukon
688,1207,Chinook,1984,NA,NA,NA,Yukon
689,1208,Chinook,1984,NA,NA,NA,Yukon
690,1209,Chinook,1984,NA,NA,NA,Yukon
691,1210,Chinook,1984,NA,NA,NA,Yukon
692,1211,Chinook,1984,NA,1342,NA,Yukon
693,1212,Chinook,1984,NA,1206,NA,Yukon
694,1213,Chum,1984,NA,2800,NA,Yukon
695,1214,Chum,1984,NA,NA,NA,Yukon
696,1215,Chum,1984,NA,NA,NA,Yukon
697,1216,Chum,1984,NA,8500,NA,Yukon
698,1217,Chum,1984,NA,15150,NA,Yukon
699,1218,Chum,1984,NA,NA,NA,Yukon
700,1219,Chum,1984,NA,200,NA,Yukon
701,1120,Coho,1985,NA,NA,NA,Yukon
702,1201,Chinook,1985,4168,801,NA,Yukon
703,1202,Chinook,1985,NA,NA,NA,Yukon
704,1203,Chinook,1985,6363,23,NA,Yukon
705,1204,Chinook,1985,8243,445,NA,Yukon
706,1205,Chinook,1985,4182,NA,NA,Yukon
707,1206,Chinook,1985,2949,210,NA,Yukon
708,1207,Chinook,1985,4260,NA,NA,Yukon
709,1208,Chinook,1985,NA,NA,NA,Yukon
710,1209,Chinook,1985,NA,NA,NA,Yukon
711,1210,Chinook,1985,NA,NA,NA,Yukon
712,1211,Chinook,1985,4210,665,NA,Yukon
713,1212,Chinook,1985,6974,635,NA,Yukon
714,1213,Chum,1985,NA,10760,NA,Yukon
715,1214,Chum,1985,NA,NA,NA,Yukon
716,1215,Chum,1985,NA,NA,NA,Yukon
717,1216,Chum,1985,NA,8733,NA,Yukon
718,1217,Chum,1985,NA,56223,NA,Yukon
719,1218,Chum,1985,NA,NA,NA,Yukon
720,1219,Chum,1985,NA,356,NA,Yukon
721,1120,Coho,1986,NA,NA,NA,Yukon
722,1201,Chinook,1986,6186,745,NA,Yukon
723,1202,Chinook,1986,NA,NA,NA,Yukon
724,1203,Chinook,1986,9867,72,NA,Yukon
725,1204,Chinook,1986,12812,209,NA,Yukon
726,1205,Chinook,1986,5108,NA,NA,Yukon
727,1206,Chinook,1986,4250,228,NA,Yukon
728,1207,Chinook,1986,7416,NA,NA,Yukon
729,1208,Chinook,1986,NA,NA,NA,Yukon
730,1209,Chinook,1986,NA,NA,NA,Yukon
731,1210,Chinook,1986,NA,NA,NA,Yukon
732,1211,Chinook,1986,2840,760,NA,Yukon
733,1212,Chinook,1986,8678,730,NA,Yukon
734,1213,Chum,1986,NA,825,NA,Yukon
735,1214,Chum,1986,NA,NA,NA,Yukon
736,1215,Chum,1986,NA,NA,NA,Yukon
737,1216,Chum,1986,NA,16700,NA,Yukon
738,1217,Chum,1986,NA,31811,NA,Yukon
739,1218,Chum,1986,NA,NA,NA,Yukon
740,1219,Chum,1986,NA,213,NA,Yukon
741,1120,Coho,1987,NA,NA,NA,Yukon
742,1201,Chinook,1987,4101,891,NA,Yukon
743,1202,Chinook,1987,NA,NA,NA,Yukon
744,1203,Chinook,1987,7435,180,NA,Yukon
745,1204,Chinook,1987,7590,627,NA,Yukon
746,1205,Chinook,1987,3445,NA,NA,Yukon
747,1206,Chinook,1987,3327,100,NA,Yukon
748,1207,Chinook,1987,4665,NA,NA,Yukon
749,1208,Chinook,1987,NA,NA,NA,Yukon
750,1209,Chinook,1987,NA,NA,NA,Yukon
751,1210,Chinook,1987,NA,NA,NA,Yukon
752,1211,Chinook,1987,2287,529,NA,Yukon
753,1212,Chinook,1987,3487,222,NA,Yukon
754,1213,Chum,1987,NA,6115,NA,Yukon
755,1214,Chum,1987,NA,NA,NA,Yukon
756,1215,Chum,1987,NA,NA,NA,Yukon
757,1216,Chum,1987,NA,12050,NA,Yukon
758,1217,Chum,1987,NA,49038,NA,Yukon
759,1218,Chum,1987,NA,NA,NA,Yukon
760,1219,Chum,1987,NA,NA,NA,Yukon
761,1120,Coho,1988,NA,NA,NA,Yukon
762,1201,Chinook,1988,6064,765,NA,Yukon
763,1202,Chinook,1988,NA,NA,NA,Yukon
764,1203,Chinook,1988,8330,242,NA,Yukon
765,1204,Chinook,1988,4956,520,NA,Yukon
766,1205,Chinook,1988,8177,NA,NA,Yukon
767,1206,Chinook,1988,3704,204,NA,Yukon
768,1207,Chinook,1988,2005,NA,NA,Yukon
769,1208,Chinook,1988,NA,NA,NA,Yukon
770,1209,Chinook,1988,NA,NA,NA,Yukon
771,1210,Chinook,1988,NA,NA,NA,Yukon
772,1211,Chinook,1988,913,630,NA,Yukon
773,1212,Chinook,1988,6465,345,NA,Yukon
774,1213,Chum,1988,NA,1550,NA,Yukon
775,1214,Chum,1988,NA,NA,NA,Yukon
776,1215,Chum,1988,NA,NA,NA,Yukon
777,1216,Chum,1988,NA,6950,NA,Yukon
778,1217,Chum,1988,NA,23645,NA,Yukon
779,1218,Chum,1988,NA,NA,NA,Yukon
780,1219,Chum,1988,NA,140,NA,Yukon
781,1120,Coho,1989,NA,NA,NA,Yukon
782,1201,Chinook,1989,4166,1662,NA,Yukon
783,1202,Chinook,1989,NA,NA,NA,Yukon
784,1203,Chinook,1989,10940,433,NA,Yukon
785,1204,Chinook,1989,2796,962,NA,Yukon
786,1205,Chinook,1989,9489,NA,NA,Yukon
787,1206,Chinook,1989,7795,88,NA,Yukon
788,1207,Chinook,1989,1932,NA,NA,Yukon
789,1208,Chinook,1989,NA,NA,NA,Yukon
790,1209,Chinook,1989,NA,NA,NA,Yukon
791,1210,Chinook,1989,NA,NA,NA,Yukon
792,1211,Chinook,1989,712,621,NA,Yukon
793,1212,Chinook,1989,10060,830,NA,Yukon
794,1213,Chum,1989,NA,5320,NA,Yukon
795,1214,Chum,1989,NA,NA,NA,Yukon
796,1215,Chum,1989,NA,NA,NA,Yukon
797,1216,Chum,1989,NA,3090,NA,Yukon
798,1217,Chum,1989,NA,44042,NA,Yukon
799,1218,Chum,1989,NA,NA,NA,Yukon
800,1219,Chum,1989,NA,210,NA,Yukon
801,1120,Coho,1990,NA,NA,NA,Yukon
802,1201,Chinook,1990,4074,1806,NA,Yukon
803,1202,Chinook,1990,NA,NA,NA,Yukon
804,1203,Chinook,1990,4593,457,NA,Yukon
805,1204,Chinook,1990,2729,1308,NA,Yukon
806,1205,Chinook,1990,10412,NA,NA,Yukon
807,1206,Chinook,1990,5630,83,NA,Yukon
808,1207,Chinook,1990,1702,NA,NA,Yukon
809,1208,Chinook,1990,NA,NA,NA,Yukon
810,1209,Chinook,1990,NA,NA,NA,Yukon
811,1210,Chinook,1990,NA,NA,NA,Yukon
812,1211,Chinook,1990,485,1407,NA,Yukon
813,1212,Chinook,1990,7487,1032,NA,Yukon
814,1213,Chum,1990,NA,3651,NA,Yukon
815,1214,Chum,1990,NA,NA,NA,Yukon
816,1215,Chum,1990,NA,NA,NA,Yukon
817,1216,Chum,1990,NA,4684,NA,Yukon
818,1217,Chum,1990,NA,35000,NA,Yukon
819,1218,Chum,1990,NA,NA,NA,Yukon
820,1219,Chum,1990,NA,739,NA,Yukon
821,1120,Coho,1991,NA,NA,NA,Yukon
822,1201,Chinook,1991,4638,1040,NA,Yukon
823,1202,Chinook,1991,NA,NA,NA,Yukon
824,1203,Chinook,1991,10169,250,NA,Yukon
825,1204,Chinook,1991,10002,326,NA,Yukon
826,1205,Chinook,1991,4192,NA,NA,Yukon
827,1206,Chinook,1991,5761,NA,NA,Yukon
828,1207,Chinook,1991,11961,NA,NA,Yukon
829,1208,Chinook,1991,NA,NA,NA,Yukon
830,1209,Chinook,1991,NA,NA,NA,Yukon
831,1210,Chinook,1991,NA,NA,NA,Yukon
832,1211,Chinook,1991,8254,1271,NA,Yukon
833,1212,Chinook,1991,4712,201,NA,Yukon
834,1213,Chum,1991,NA,2426,NA,Yukon
835,1214,Chum,1991,NA,NA,NA,Yukon
836,1215,Chum,1991,NA,NA,NA,Yukon
837,1216,Chum,1991,NA,11728,NA,Yukon
838,1217,Chum,1991,NA,37870,NA,Yukon
839,1218,Chum,1991,NA,NA,NA,Yukon
840,1219,Chum,1991,NA,468,NA,Yukon
841,1120,Coho,1992,NA,NA,NA,Yukon
842,1201,Chinook,1992,8574,617,NA,Yukon
843,1202,Chinook,1992,NA,NA,NA,Yukon
844,1203,Chinook,1992,7907,423,NA,Yukon
845,1204,Chinook,1992,10676,600,NA,Yukon
846,1205,Chinook,1992,4929,NA,NA,Yukon
847,1206,Chinook,1992,2928,73,NA,Yukon
848,1207,Chinook,1992,5638,NA,NA,Yukon
849,1208,Chinook,1992,NA,NA,NA,Yukon
850,1209,Chinook,1992,NA,NA,NA,Yukon
851,1210,Chinook,1992,NA,NA,NA,Yukon
852,1211,Chinook,1992,9025,758,NA,Yukon
853,1212,Chinook,1992,7340,351,NA,Yukon
854,1213,Chum,1992,NA,4438,NA,Yukon
855,1214,Chum,1992,NA,NA,NA,Yukon
856,1215,Chum,1992,NA,NA,NA,Yukon
857,1216,Chum,1992,NA,3343,NA,Yukon
858,1217,Chum,1992,NA,22539,NA,Yukon
859,1218,Chum,1992,NA,NA,NA,Yukon
860,1219,Chum,1992,NA,450,NA,Yukon
861,1120,Coho,1993,NA,NA,NA,Yukon
862,1201,Chinook,1993,4628,572,NA,Yukon
863,1202,Chinook,1993,NA,NA,NA,Yukon
864,1203,Chinook,1993,6563,400,NA,Yukon
865,1204,Chinook,1993,7797,367,NA,Yukon
866,1205,Chinook,1993,3319,NA,NA,Yukon
867,1206,Chinook,1993,6542,101,NA,Yukon
868,1207,Chinook,1993,10943,NA,NA,Yukon
869,1208,Chinook,1993,NA,NA,NA,Yukon
870,1209,Chinook,1993,NA,NA,NA,Yukon
871,1210,Chinook,1993,NA,NA,NA,Yukon
872,1211,Chinook,1993,3023,965,NA,Yukon
873,1212,Chinook,1993,5875,507,NA,Yukon
874,1213,Chum,1993,NA,2620,NA,Yukon
875,1214,Chum,1993,NA,NA,NA,Yukon
876,1215,Chum,1993,NA,NA,NA,Yukon
877,1216,Chum,1993,NA,4610,NA,Yukon
878,1217,Chum,1993,NA,28707,NA,Yukon
879,1218,Chum,1993,NA,NA,NA,Yukon
880,1219,Chum,1993,NA,555,NA,Yukon
881,1120,Coho,1994,NA,NA,NA,Yukon
882,1201,Chinook,1994,5754,1764,NA,Yukon
883,1202,Chinook,1994,NA,NA,NA,Yukon
884,1203,Chinook,1994,6064,506,NA,Yukon
885,1204,Chinook,1994,7316,1203,NA,Yukon
886,1205,Chinook,1994,3792,NA,NA,Yukon
887,1206,Chinook,1994,5447,248,NA,Yukon
888,1207,Chinook,1994,14210,NA,NA,Yukon
889,1208,Chinook,1994,NA,NA,NA,Yukon
890,1209,Chinook,1994,NA,NA,NA,Yukon
891,1210,Chinook,1994,NA,NA,NA,Yukon
892,1211,Chinook,1994,4855,2208,NA,Yukon
893,1212,Chinook,1994,3736,942,NA,Yukon
894,1213,Chum,1994,NA,1429,NA,Yukon
895,1214,Chum,1994,NA,NA,NA,Yukon
896,1215,Chum,1994,NA,NA,NA,Yukon
897,1216,Chum,1994,NA,10754,NA,Yukon
898,1217,Chum,1994,NA,65247,NA,Yukon
899,1218,Chum,1994,NA,NA,NA,Yukon
900,1219,Chum,1994,NA,209,NA,Yukon
901,1120,Coho,1995,NA,NA,NA,Yukon
902,1201,Chinook,1995,8205,1314,NA,Yukon
903,1202,Chinook,1995,NA,NA,NA,Yukon
904,1203,Chinook,1995,8377,1079,NA,Yukon
905,1204,Chinook,1995,22346,1178,NA,Yukon
906,1205,Chinook,1995,5999,NA,NA,Yukon
907,1206,Chinook,1995,5674,403,NA,Yukon
908,1207,Chinook,1995,8384,NA,NA,Yukon
909,1208,Chinook,1995,NA,NA,NA,Yukon
910,1209,Chinook,1995,NA,NA,NA,Yukon
911,1210,Chinook,1995,NA,NA,NA,Yukon
912,1211,Chinook,1995,7290,2345,NA,Yukon
913,1212,Chinook,1995,7922,794,NA,Yukon
914,1213,Chum,1995,NA,4701,NA,Yukon
915,1214,Chum,1995,NA,NA,NA,Yukon
916,1215,Chum,1995,NA,NA,NA,Yukon
917,1216,Chum,1995,NA,16456,NA,Yukon
918,1217,Chum,1995,NA,51971,NA,Yukon
919,1218,Chum,1995,NA,NA,NA,Yukon
920,1219,Chum,1995,NA,633,NA,Yukon
921,1120,Coho,1996,NA,NA,NA,Yukon
922,1201,Chinook,1996,9181,2565,NA,Yukon
923,1202,Chinook,1996,NA,NA,NA,Yukon
924,1203,Chinook,1996,6226,102,NA,Yukon
925,1204,Chinook,1996,14545,1573,NA,Yukon
926,1205,Chinook,1996,3354,NA,NA,Yukon
927,1206,Chinook,1996,9051,423,NA,Yukon
928,1207,Chinook,1996,11512,NA,NA,Yukon
929,1208,Chinook,1996,NA,NA,NA,Yukon
930,1209,Chinook,1996,NA,NA,NA,Yukon
931,1210,Chinook,1996,NA,NA,NA,Yukon
932,1211,Chinook,1996,5493,3050,NA,Yukon
933,1212,Chinook,1996,8272,1654,NA,Yukon
934,1213,Chum,1996,NA,4977,NA,Yukon
935,1214,Chum,1996,NA,NA,NA,Yukon
936,1215,Chum,1996,NA,NA,NA,Yukon
937,1216,Chum,1996,NA,14431,NA,Yukon
938,1217,Chum,1996,NA,77302,NA,Yukon
939,1218,Chum,1996,NA,NA,NA,Yukon
940,1219,Chum,1996,NA,315,NA,Yukon
941,1120,Coho,1997,NA,NA,NA,Yukon
942,1201,Chinook,1997,15401,1345,NA,Yukon
943,1202,Chinook,1997,NA,NA,NA,Yukon
944,1203,Chinook,1997,8558,957,NA,Yukon
945,1204,Chinook,1997,23512,2223,NA,Yukon
946,1205,Chinook,1997,5325,NA,NA,Yukon
947,1206,Chinook,1997,3996,283,NA,Yukon
948,1207,Chinook,1997,10710,NA,NA,Yukon
949,1208,Chinook,1997,NA,NA,NA,Yukon
950,1209,Chinook,1997,NA,NA,NA,Yukon
951,1210,Chinook,1997,NA,NA,NA,Yukon
952,1211,Chinook,1997,6438,2146,NA,Yukon
953,1212,Chinook,1997,4916,875,NA,Yukon
954,1213,Chum,1997,NA,2189,NA,Yukon
955,1214,Chum,1997,NA,NA,NA,Yukon
956,1215,Chum,1997,NA,NA,NA,Yukon
957,1216,Chum,1997,NA,3350,NA,Yukon
958,1217,Chum,1997,NA,27031,NA,Yukon
959,1218,Chum,1997,NA,NA,NA,Yukon
960,1219,Chum,1997,NA,207,NA,Yukon
961,1120,Coho,1998,NA,NA,NA,Yukon
962,1201,Chinook,1998,6708,523,NA,Yukon
963,1202,Chinook,1998,NA,NA,NA,Yukon
964,1203,Chinook,1998,7499,373,NA,Yukon
965,1204,Chinook,1998,1959,766,NA,Yukon
966,1205,Chinook,1998,7773,NA,NA,Yukon
967,1206,Chinook,1998,5981,59,NA,Yukon
968,1207,Chinook,1998,1904,132,NA,Yukon
969,1208,Chinook,1998,NA,NA,NA,Yukon
970,1209,Chinook,1998,NA,NA,NA,Yukon
971,1210,Chinook,1998,NA,NA,NA,Yukon
972,1211,Chinook,1998,1052,785,NA,Yukon
973,1212,Chinook,1998,7251,290,NA,Yukon
974,1213,Chum,1998,NA,7292,NA,Yukon
975,1214,Chum,1998,NA,92,NA,Yukon
976,1215,Chum,1998,NA,NA,NA,Yukon
977,1216,Chum,1998,NA,7337,NA,Yukon
978,1217,Chum,1998,NA,13687,NA,Yukon
979,1218,Chum,1998,NA,NA,NA,Yukon
980,1219,Chum,1998,NA,235,NA,Yukon
981,1120,Coho,1999,NA,NA,NA,Yukon
982,1201,Chinook,1999,4896,353,NA,Yukon
983,1202,Chinook,1999,NA,NA,NA,Yukon
984,1203,Chinook,1999,5028,892,NA,Yukon
985,1204,Chinook,1999,5139,747,NA,Yukon
986,1205,Chinook,1999,2344,NA,NA,Yukon
987,1206,Chinook,1999,3287,NA,NA,Yukon
988,1207,Chinook,1999,5579,239,NA,Yukon
989,1208,Chinook,1999,NA,NA,NA,Yukon
990,1209,Chinook,1999,NA,NA,NA,Yukon
991,1210,Chinook,1999,NA,NA,NA,Yukon
992,1211,Chinook,1999,3927,1513,NA,Yukon
993,1212,Chinook,1999,3803,461,NA,Yukon
994,1213,Chum,1999,NA,NA,NA,Yukon
995,1214,Chum,1999,NA,35,NA,Yukon
996,1215,Chum,1999,NA,NA,NA,Yukon
997,1216,Chum,1999,NA,5136,NA,Yukon
998,1217,Chum,1999,NA,12958,NA,Yukon
999,1218,Chum,1999,NA,NA,NA,Yukon
1000,1219,Chum,1999,NA,19,NA,Yukon
1001,1120,Coho,2000,NA,NA,NA,Yukon
1002,1201,Chinook,2000,5850,113,NA,Yukon
1003,1202,Chinook,2000,NA,NA,NA,Yukon
1004,1203,Chinook,2000,5843,NA,NA,Yukon
1005,1204,Chinook,2000,9994,322,NA,Yukon
1006,1205,Chinook,2000,1973,NA,NA,Yukon
1007,1206,Chinook,2000,4479,19,NA,Yukon
1008,1207,Chinook,2000,6707,4,NA,Yukon
1009,1208,Chinook,2000,NA,NA,NA,Yukon
1010,1209,Chinook,2000,NA,NA,NA,Yukon
1011,1210,Chinook,2000,NA,NA,NA,Yukon
1012,1211,Chinook,2000,3831,677,NA,Yukon
1013,1212,Chinook,2000,3581,52,NA,Yukon
1014,1213,Chum,2000,NA,933,NA,Yukon
1015,1214,Chum,2000,NA,NA,NA,Yukon
1016,1215,Chum,2000,NA,NA,NA,Yukon
1017,1216,Chum,2000,NA,1442,NA,Yukon
1018,1217,Chum,2000,NA,5057,NA,Yukon
1019,1218,Chum,2000,NA,NA,NA,Yukon
1020,1219,Chum,2000,NA,204,NA,Yukon
1021,1120,Coho,2001,NA,NA,NA,Yukon
1022,1201,Chinook,2001,4173,1020,NA,Yukon
1023,1202,Chinook,2001,NA,NA,NA,Yukon
1024,1203,Chinook,2001,7526,NA,NA,Yukon
1025,1204,Chinook,2001,30375,1035,NA,Yukon
1026,1205,Chinook,2001,3270,NA,NA,Yukon
1027,1206,Chinook,2001,4770,39,NA,Yukon
1028,1207,Chinook,2001,7199,129,NA,Yukon
1029,1208,Chinook,2001,NA,NA,NA,Yukon
1030,1209,Chinook,2001,NA,NA,NA,Yukon
1031,1210,Chinook,2001,NA,NA,NA,Yukon
1032,1211,Chinook,2001,12176,1237,NA,Yukon
1033,1212,Chinook,2001,14909,635,NA,Yukon
1034,1213,Chum,2001,NA,2453,NA,Yukon
1035,1214,Chum,2001,NA,NA,NA,Yukon
1036,1215,Chum,2001,NA,NA,NA,Yukon
1037,1216,Chum,2001,NA,4884,NA,Yukon
1038,1217,Chum,2001,NA,21737,NA,Yukon
1039,1218,Chum,2001,NA,NA,NA,Yukon
1040,1219,Chum,2001,NA,5,NA,Yukon
1041,1120,Coho,2002,NA,NA,NA,Yukon
1042,1201,Chinook,2002,5237,1149,NA,Yukon
1043,1202,Chinook,2002,NA,NA,NA,Yukon
1044,1203,Chinook,2002,5364,395,NA,Yukon
1045,1204,Chinook,2002,24783,526,NA,Yukon
1046,1205,Chinook,2002,2663,NA,NA,Yukon
1047,1206,Chinook,2002,2537,NA,NA,Yukon
1048,1207,Chinook,2002,8326,NA,NA,Yukon
1049,1208,Chinook,2002,NA,NA,NA,Yukon
1050,1209,Chinook,2002,NA,NA,NA,Yukon
1051,1210,Chinook,2002,NA,NA,NA,Yukon
1052,1211,Chinook,2002,3373,605,NA,Yukon
1053,1212,Chinook,2002,2982,364,NA,Yukon
1054,1213,Chum,2002,NA,973,NA,Yukon
1055,1214,Chum,2002,NA,NA,NA,Yukon
1056,1215,Chum,2002,NA,NA,NA,Yukon
1057,1216,Chum,2002,NA,7147,NA,Yukon
1058,1217,Chum,2002,NA,13636,NA,Yukon
1059,1218,Chum,2002,NA,NA,NA,Yukon
1060,1219,Chum,2002,NA,64,NA,Yukon
1061,1120,Coho,2003,NA,NA,NA,Yukon
1062,1201,Chinook,2003,7257,3075,NA,Yukon
1063,1202,Chinook,2003,NA,NA,NA,Yukon
1064,1203,Chinook,2003,12380,1155,NA,Yukon
1065,1204,Chinook,2003,11015,1658,NA,Yukon
1066,1205,Chinook,2003,3234,NA,NA,Yukon
1067,1206,Chinook,2003,7872,NA,NA,Yukon
1068,1207,Chinook,2003,15233,185,NA,Yukon
1069,1208,Chinook,2003,NA,NA,NA,Yukon
1070,1209,Chinook,2003,NA,NA,NA,Yukon
1071,1210,Chinook,2003,NA,NA,NA,Yukon
1072,1211,Chinook,2003,5008,1638,NA,Yukon
1073,1212,Chinook,2003,4018,979,NA,Yukon
1074,1213,Chum,2003,NA,7982,NA,Yukon
1075,1214,Chum,2003,NA,NA,NA,Yukon
1076,1215,Chum,2003,NA,NA,NA,Yukon
1077,1216,Chum,2003,NA,39347,NA,Yukon
1078,1217,Chum,2003,NA,29713,NA,Yukon
1079,1218,Chum,2003,NA,NA,NA,Yukon
1080,1219,Chum,2003,NA,390,NA,Yukon
1081,1120,Coho,2004,NA,NA,NA,Yukon
1082,1201,Chinook,2004,5582,762,NA,Yukon
1083,1202,Chinook,2004,NA,NA,NA,Yukon
1084,1203,Chinook,2004,8777,792,NA,Yukon
1085,1204,Chinook,2004,14110,1140,NA,Yukon
1086,1205,Chinook,2004,3887,NA,NA,Yukon
1087,1206,Chinook,2004,3210,NA,NA,Yukon
1088,1207,Chinook,2004,11425,NA,NA,Yukon
1089,1208,Chinook,2004,NA,NA,NA,Yukon
1090,1209,Chinook,2004,NA,NA,NA,Yukon
1091,1210,Chinook,2004,NA,NA,NA,Yukon
1092,1211,Chinook,2004,6736,1989,NA,Yukon
1093,1212,Chinook,2004,3928,556,NA,Yukon
1094,1213,Chum,2004,NA,3440,NA,Yukon
1095,1214,Chum,2004,NA,NA,NA,Yukon
1096,1215,Chum,2004,NA,NA,NA,Yukon
1097,1216,Chum,2004,NA,18982,NA,Yukon
1098,1217,Chum,2004,NA,20417,NA,Yukon
1099,1218,Chum,2004,NA,NA,NA,Yukon
1100,1219,Chum,2004,NA,167,NA,Yukon
1101,1120,Coho,2005,NA,NA,NA,Yukon
1102,1201,Chinook,2005,10958,6570,NA,Yukon
1103,1202,Chinook,2005,NA,NA,NA,Yukon
1104,1203,Chinook,2005,8470,888,NA,Yukon
1105,1204,Chinook,2005,14131,1519,NA,Yukon
1106,1205,Chinook,2005,3042,NA,NA,Yukon
1107,1206,Chinook,2005,6873,NA,NA,Yukon
1108,1207,Chinook,2005,11404,NA,NA,Yukon
1109,1208,Chinook,2005,NA,NA,NA,Yukon
1110,1209,Chinook,2005,NA,NA,NA,Yukon
1111,1210,Chinook,2005,NA,NA,NA,Yukon
1112,1211,Chinook,2005,5663,2784,NA,Yukon
1113,1212,Chinook,2005,8361,1067,NA,Yukon
1114,1213,Chum,2005,NA,16425,NA,Yukon
1115,1214,Chum,2005,NA,NA,NA,Yukon
1116,1215,Chum,2005,NA,NA,NA,Yukon
1117,1216,Chum,2005,NA,34600,NA,Yukon
1118,1217,Chum,2005,NA,119058,NA,Yukon
1119,1218,Chum,2005,NA,NA,NA,Yukon
1120,1219,Chum,2005,NA,585,NA,Yukon
1121,1120,Coho,2006,NA,NA,NA,Yukon
1122,1201,Chinook,2006,17991,8448,NA,Yukon
1123,1202,Chinook,2006,NA,NA,NA,Yukon
1124,1203,Chinook,2006,12867,677,NA,Yukon
1125,1204,Chinook,2006,6669,1381,NA,Yukon
1126,1205,Chinook,2006,1543,NA,NA,Yukon
1127,1206,Chinook,2006,3900,NA,NA,Yukon
1128,1207,Chinook,2006,14302,NA,NA,Yukon
1129,1208,Chinook,2006,NA,NA,NA,Yukon
1130,1209,Chinook,2006,NA,NA,NA,Yukon
1131,1210,Chinook,2006,NA,NA,NA,Yukon
1132,1211,Chinook,2006,2263,1720,NA,Yukon
1133,1212,Chinook,2006,4660,715,NA,Yukon
1134,1213,Chum,2006,NA,6553,NA,Yukon
1135,1214,Chum,2006,NA,NA,NA,Yukon
1136,1215,Chum,2006,NA,NA,NA,Yukon
1137,1216,Chum,2006,NA,18208,NA,Yukon
1138,1217,Chum,2006,NA,30954,NA,Yukon
1139,1218,Chum,2006,NA,NA,NA,Yukon
1140,1219,Chum,2006,NA,620,NA,Yukon
1141,1120,Coho,2007,NA,NA,NA,Yukon
1142,1201,Chinook,2007,5293,5107,NA,Yukon
1143,1202,Chinook,2007,NA,NA,NA,Yukon
1144,1203,Chinook,2007,8834,304,NA,Yukon
1145,1204,Chinook,2007,2232,451,NA,Yukon
1146,1205,Chinook,2007,2321,NA,NA,Yukon
1147,1206,Chinook,2007,5837,NA,NA,Yukon
1148,1207,Chinook,2007,4504,NA,NA,Yukon
1149,1208,Chinook,2007,NA,NA,NA,Yukon
1150,1209,Chinook,2007,NA,NA,NA,Yukon
1151,1210,Chinook,2007,NA,NA,NA,Yukon
1152,1211,Chinook,2007,1272,427,NA,Yukon
1153,1212,Chinook,2007,6449,191,NA,Yukon
1154,1213,Chum,2007,NA,NA,NA,Yukon
1155,1214,Chum,2007,NA,NA,NA,Yukon
1156,1215,Chum,2007,NA,NA,NA,Yukon
1157,1216,Chum,2007,NA,NA,NA,Yukon
1158,1217,Chum,2007,NA,32150,NA,Yukon
1159,1218,Chum,2007,NA,NA,NA,Yukon
1160,1219,Chum,2007,NA,NA,NA,Yukon
1161,1120,Coho,2008,NA,NA,NA,Yukon
1162,1201,Chinook,2008,6310,1734,NA,Yukon
1163,1202,Chinook,2008,NA,NA,NA,Yukon
1164,1203,Chinook,2008,4208,276,NA,Yukon
1165,1204,Chinook,2008,7144,93,NA,Yukon
1166,1205,Chinook,2008,2408,NA,NA,Yukon
1167,1206,Chinook,2008,1779,NA,NA,Yukon
1168,1207,Chinook,2008,4630,NA,NA,Yukon
1169,1208,Chinook,2008,NA,NA,NA,Yukon
1170,1209,Chinook,2008,NA,NA,NA,Yukon
1171,1210,Chinook,2008,NA,NA,NA,Yukon
1172,1211,Chinook,2008,3739,481,NA,Yukon
1173,1212,Chinook,2008,7514,519,NA,Yukon
1174,1213,Chum,2008,NA,NA,NA,Yukon
1175,1214,Chum,2008,NA,NA,NA,Yukon
1176,1215,Chum,2008,NA,NA,NA,Yukon
1177,1216,Chum,2008,NA,NA,NA,Yukon
1178,1217,Chum,2008,NA,19086,NA,Yukon
1179,1218,Chum,2008,NA,NA,NA,Yukon
1180,1219,Chum,2008,NA,NA,NA,Yukon
1181,1120,Coho,2009,NA,NA,NA,Yukon
1182,1201,Chinook,2009,13087,11088,NA,Yukon
1183,1202,Chinook,2009,NA,NA,NA,Yukon
1184,1203,Chinook,2009,13407,716,NA,Yukon
1185,1204,Chinook,2009,5510,821,NA,Yukon
1186,1205,Chinook,2009,5093,NA,NA,Yukon
1187,1206,Chinook,2009,5549,NA,NA,Yukon
1188,1207,Chinook,2009,7614,NA,NA,Yukon
1189,1208,Chinook,2009,NA,5147,NA,Yukon
1190,1209,Chinook,2009,NA,NA,NA,Yukon
1191,1210,Chinook,2009,NA,NA,NA,Yukon
1192,1211,Chinook,2009,1503,869,NA,Yukon
1193,1212,Chinook,2009,12027,422,NA,Yukon
1194,1213,Chum,2009,NA,NA,NA,Yukon
1195,1214,Chum,2009,NA,NA,NA,Yukon
1196,1215,Chum,2009,NA,NA,NA,Yukon
1197,1216,Chum,2009,NA,NA,NA,Yukon
1198,1217,Chum,2009,NA,25828,NA,Yukon
1199,1218,Chum,2009,NA,NA,NA,Yukon
1200,1219,Chum,2009,NA,NA,NA,Yukon
1201,1120,Coho,2010,NA,NA,NA,Yukon
1202,1201,Chinook,2010,5560,4473,NA,Yukon
1203,1202,Chinook,2010,NA,NA,NA,Yukon
1204,1203,Chinook,2010,3933,270,NA,Yukon
1205,1204,Chinook,2010,7692,63,NA,Yukon
1206,1205,Chinook,2010,1927,NA,NA,Yukon
1207,1206,Chinook,2010,3824,NA,NA,Yukon
1208,1207,Chinook,2010,3860,NA,NA,Yukon
1209,1208,Chinook,2010,NA,803,NA,Yukon
1210,1209,Chinook,2010,NA,NA,NA,Yukon
1211,1210,Chinook,2010,NA,NA,NA,Yukon
1212,1211,Chinook,2010,2318,672,NA,Yukon
1213,1212,Chinook,2010,3035,94,NA,Yukon
1214,1213,Chum,2010,NA,NA,NA,Yukon
1215,1214,Chum,2010,NA,NA,NA,Yukon
1216,1215,Chum,2010,NA,NA,NA,Yukon
1217,1216,Chum,2010,NA,NA,NA,Yukon
1218,1217,Chum,2010,NA,15413,NA,Yukon
1219,1218,Chum,2010,NA,NA,NA,Yukon
1220,1219,Chum,2010,NA,NA,NA,Yukon
1221,1120,Coho,2011,NA,NA,NA,Yukon
1222,1201,Chinook,2011,11252,5561,NA,Yukon
1223,1202,Chinook,2011,NA,NA,NA,Yukon
1224,1203,Chinook,2011,6319,360,NA,Yukon
1225,1204,Chinook,2011,9413,38,NA,Yukon
1226,1205,Chinook,2011,2487,NA,NA,Yukon
1227,1206,Chinook,2011,2897,NA,NA,Yukon
1228,1207,Chinook,2011,3250,NA,NA,Yukon
1229,1208,Chinook,2011,NA,1181,NA,Yukon
1230,1209,Chinook,2011,NA,NA,NA,Yukon
1231,1210,Chinook,2011,NA,NA,NA,Yukon
1232,1211,Chinook,2011,4851,1534,NA,Yukon
1233,1212,Chinook,2011,7133,81,NA,Yukon
1234,1213,Chum,2011,NA,NA,NA,Yukon
1235,1214,Chum,2011,NA,NA,NA,Yukon
1236,1215,Chum,2011,NA,NA,NA,Yukon
1237,1216,Chum,2011,NA,NA,NA,Yukon
1238,1217,Chum,2011,NA,13085,NA,Yukon
1239,1218,Chum,2011,NA,NA,NA,Yukon
1240,1219,Chum,2011,NA,NA,NA,Yukon
1241,1120,Coho,2012,NA,NA,NA,Yukon
1242,1201,Chinook,2012,5622,2584,NA,Yukon
1243,1202,Chinook,2012,NA,NA,NA,Yukon
1244,1203,Chinook,2012,4338,157,NA,Yukon
1245,1204,Chinook,2012,6679,NA,NA,Yukon
1246,1205,Chinook,2012,1998,NA,NA,Yukon
1247,1206,Chinook,2012,1814,NA,NA,Yukon
1248,1207,Chinook,2012,7327,NA,NA,Yukon
1249,1208,Chinook,2012,NA,NA,NA,Yukon
1250,1209,Chinook,2012,NA,NA,NA,Yukon
1251,1210,Chinook,2012,NA,NA,NA,Yukon
1252,1211,Chinook,2012,2199,4484,NA,Yukon
1253,1212,Chinook,2012,3765,NA,NA,Yukon
1254,1213,Chum,2012,NA,NA,NA,Yukon
1255,1214,Chum,2012,NA,NA,NA,Yukon
1256,1215,Chum,2012,NA,NA,NA,Yukon
1257,1216,Chum,2012,NA,NA,NA,Yukon
1258,1217,Chum,2012,NA,22399,NA,Yukon
1259,1218,Chum,2012,NA,NA,NA,Yukon
1260,1219,Chum,2012,NA,NA,NA,Yukon
1261,1120,Coho,2013,NA,NA,NA,Yukon
1262,1201,Chinook,2013,6504,3242,NA,Yukon
1263,1202,Chinook,2013,NA,NA,NA,Yukon
1264,1203,Chinook,2013,3551,312,NA,Yukon
1265,1204,Chinook,2013,5242,NA,NA,Yukon
1266,1205,Chinook,2013,422,NA,NA,Yukon
1267,1206,Chinook,2013,1461,NA,NA,Yukon
1268,1207,Chinook,2013,2296,NA,NA,Yukon
1269,1208,Chinook,2013,NA,NA,NA,Yukon
1270,1209,Chinook,2013,NA,NA,NA,Yukon
1271,1210,Chinook,2013,NA,NA,NA,Yukon
1272,1211,Chinook,2013,2159,11055,NA,Yukon
1273,1212,Chinook,2013,9440,NA,NA,Yukon
1274,1213,Chum,2013,NA,NA,NA,Yukon
1275,1214,Chum,2013,NA,NA,NA,Yukon
1276,1215,Chum,2013,NA,NA,NA,Yukon
1277,1216,Chum,2013,NA,NA,NA,Yukon
1278,1217,Chum,2013,NA,25376,NA,Yukon
1279,1218,Chum,2013,NA,NA,NA,Yukon
1280,1219,Chum,2013,NA,NA,NA,Yukon
1281,1120,Coho,2014,NA,NA,NA,Yukon
1282,1201,Chinook,2014,11138,6321,NA,Yukon
1283,1202,Chinook,2014,NA,NA,NA,Yukon
1284,1203,Chinook,2014,9600,602,NA,Yukon
1285,1204,Chinook,2014,17092,NA,NA,Yukon
1286,1205,Chinook,2014,4786,NA,NA,Yukon
1287,1206,Chinook,2014,6192,NA,NA,Yukon
1288,1207,Chinook,2014,2459,NA,NA,Yukon
1289,1208,Chinook,2014,NA,NA,NA,Yukon
1290,1209,Chinook,2014,NA,NA,NA,Yukon
1291,1210,Chinook,2014,NA,NA,NA,Yukon
1292,1211,Chinook,2014,7033,19108,NA,Yukon
1293,1212,Chinook,2014,5977,NA,NA,Yukon
1294,1213,Chum,2014,NA,NA,NA,Yukon
1295,1214,Chum,2014,NA,NA,NA,Yukon
1296,1215,Chum,2014,NA,NA,NA,Yukon
1297,1216,Chum,2014,NA,NA,NA,Yukon
1298,1217,Chum,2014,NA,7304,NA,Yukon
1299,1218,Chum,2014,NA,NA,NA,Yukon
1300,1219,Chum,2014,NA,NA,NA,Yukon
1301,1120,Coho,2015,NA,NA,NA,Yukon
1302,1201,Chinook,2015,19144,10078,NA,Yukon
1303,1202,Chinook,2015,NA,NA,NA,Yukon
1304,1203,Chinook,2015,12469,964,NA,Yukon
1305,1204,Chinook,2015,18223,NA,NA,Yukon
1306,1205,Chinook,2015,3915,NA,NA,Yukon
1307,1206,Chinook,2015,6723,NA,NA,Yukon
1308,1207,Chinook,2015,11863,NA,NA,Yukon
1309,1208,Chinook,2015,NA,NA,NA,Yukon
1310,1209,Chinook,2015,NA,NA,NA,Yukon
1311,1210,Chinook,2015,NA,NA,NA,Yukon
1312,1211,Chinook,2015,4936,21928,NA,Yukon
1313,1212,Chinook,2015,5731,NA,NA,Yukon
1314,1213,Chum,2015,NA,NA,NA,Yukon
1315,1214,Chum,2015,NA,NA,NA,Yukon
1316,1215,Chum,2015,NA,NA,NA,Yukon
1317,1216,Chum,2015,NA,NA,NA,Yukon
1318,1217,Chum,2015,NA,8351,NA,Yukon
1319,1218,Chum,2015,NA,NA,NA,Yukon
1320,1219,Chum,2015,NA,NA,NA,Yukon
1321,1120,Coho,2016,NA,NA,NA,Yukon
1322,1201,Chinook,2016,9940,6761,NA,Yukon
1323,1202,Chinook,2016,NA,NA,NA,Yukon
1324,1203,Chinook,2016,8004,6471,NA,Yukon
1325,1204,Chinook,2016,6054,NA,NA,Yukon
1326,1205,Chinook,2016,4907,NA,NA,Yukon
1327,1206,Chinook,2016,9026,NA,NA,Yukon
1328,1207,Chinook,2016,14557,NA,NA,Yukon
1329,1208,Chinook,2016,NA,NA,NA,Yukon
1330,1209,Chinook,2016,NA,NA,NA,Yukon
1331,1210,Chinook,2016,NA,NA,NA,Yukon
1332,1211,Chinook,2016,2953,1556,NA,Yukon
1333,1212,Chinook,2016,8187,NA,NA,Yukon
1334,1213,Chum,2016,NA,NA,NA,Yukon
1335,1214,Chum,2016,NA,NA,NA,Yukon
1336,1215,Chum,2016,NA,NA,NA,Yukon
1337,1216,Chum,2016,NA,NA,NA,Yukon
1338,1217,Chum,2016,NA,29397,NA,Yukon
1339,1218,Chum,2016,NA,NA,NA,Yukon
1340,1219,Chum,2016,NA,NA,NA,Yukon
1341,1120,Coho,2017,NA,NA,NA,Yukon
1342,1201,Chinook,2017,13287,5672,NA,Yukon
1343,1202,Chinook,2017,NA,NA,NA,Yukon
1344,1203,Chinook,2017,8889,9081,NA,Yukon
1345,1204,Chinook,2017,7449,NA,NA,Yukon
1346,1205,Chinook,2017,3546,NA,NA,Yukon
1347,1206,Chinook,2017,10360,NA,NA,Yukon
1348,1207,Chinook,2017,10613,NA,NA,Yukon
1349,1208,Chinook,2017,NA,NA,NA,Yukon
1350,1209,Chinook,2017,NA,NA,NA,Yukon
1351,1210,Chinook,2017,NA,NA,NA,Yukon
1352,1211,Chinook,2017,2800,3521,NA,Yukon
1353,1212,Chinook,2017,12589,NA,NA,Yukon
1354,1213,Chum,2017,NA,NA,NA,Yukon
1355,1214,Chum,2017,NA,NA,NA,Yukon
1356,1215,Chum,2017,NA,NA,NA,Yukon
1357,1216,Chum,2017,NA,16265,NA,Yukon
1358,1217,Chum,2017,NA,48524,NA,Yukon
1359,1218,Chum,2017,NA,NA,NA,Yukon
1360,1219,Chum,2017,NA,NA,NA,Yukon
1361,1120,Coho,2018,NA,NA,NA,Yukon
1362,1201,Chinook,2018,11681,5159,NA,Yukon
1363,1202,Chinook,2018,NA,NA,NA,Yukon
1364,1203,Chinook,2018,6187,10363,NA,Yukon
1365,1204,Chinook,2018,11135,NA,NA,Yukon
1366,1205,Chinook,2018,3861,NA,NA,Yukon
1367,1206,Chinook,2018,4550,NA,NA,Yukon
1368,1207,Chinook,2018,10395,NA,NA,Yukon
1369,1208,Chinook,2018,NA,NA,NA,Yukon
1370,1209,Chinook,2018,NA,NA,NA,Yukon
1371,1210,Chinook,2018,NA,NA,NA,Yukon
1372,1211,Chinook,2018,3255,2467,NA,Yukon
1373,1212,Chinook,2018,6267,NA,NA,Yukon
1374,1213,Chum,2018,NA,NA,NA,Yukon
1375,1214,Chum,2018,NA,NA,NA,Yukon
1376,1215,Chum,2018,NA,NA,NA,Yukon
1377,1216,Chum,2018,NA,1734,NA,Yukon
1378,1217,Chum,2018,NA,10151,NA,Yukon
1379,1218,Chum,2018,NA,NA,NA,Yukon
1380,1219,Chum,2018,NA,NA,NA,Yukon
1381,1120,Coho,2019,NA,NA,NA,Yukon
1382,1201,Chinook,2019,9118,3874,NA,Yukon
1383,1202,Chinook,2019,NA,NA,NA,Yukon
1384,1203,Chinook,2019,7463,6927,NA,Yukon
1385,1204,Chinook,2019,9070,NA,NA,Yukon
1386,1205,Chinook,2019,2521,NA,NA,Yukon
1387,1206,Chinook,2019,5112,NA,NA,Yukon
1388,1207,Chinook,2019,3490,NA,NA,Yukon
1389,1208,Chinook,2019,NA,NA,NA,Yukon
1390,1209,Chinook,2019,NA,NA,NA,Yukon
1391,1210,Chinook,2019,NA,NA,NA,Yukon
1392,1211,Chinook,2019,3405,282,NA,Yukon
1393,1212,Chinook,2019,5030,93,NA,Yukon
1394,1213,Chum,2019,NA,NA,NA,Yukon
1395,1214,Chum,2019,NA,NA,NA,Yukon
1396,1215,Chum,2019,NA,NA,NA,Yukon
1397,1216,Chum,2019,NA,928,NA,Yukon
1398,1217,Chum,2019,NA,18171,NA,Yukon
1399,1218,Chum,2019,NA,NA,NA,Yukon
1400,1219,Chum,2019,NA,NA,NA,Yukon
1401,1120,Coho,2020,NA,NA,NA,Yukon
1402,1201,Chinook,2020,NA,1635,NA,Yukon
1403,1202,Chinook,2020,NA,NA,NA,Yukon
1404,1203,Chinook,2020,NA,5678,NA,Yukon
1405,1204,Chinook,2020,NA,NA,NA,Yukon
1406,1205,Chinook,2020,NA,NA,NA,Yukon
1407,1206,Chinook,2020,NA,NA,NA,Yukon
1408,1207,Chinook,2020,NA,NA,NA,Yukon
1409,1208,Chinook,2020,NA,470,NA,Yukon
1410,1209,Chinook,2020,NA,NA,NA,Yukon
1411,1210,Chinook,2020,NA,NA,NA,Yukon
1412,1211,Chinook,2020,NA,277,NA,Yukon
1413,1212,Chinook,2020,NA,55,NA,Yukon
1414,1213,Chum,2020,NA,323,NA,Yukon
1415,1214,Chum,2020,NA,NA,NA,Yukon
1416,1215,Chum,2020,NA,NA,NA,Yukon
1417,1216,Chum,2020,NA,120,NA,Yukon
1418,1217,Chum,2020,NA,4795,NA,Yukon
1419,1218,Chum,2020,NA,NA,NA,Yukon
1420,1219,Chum,2020,NA,NA,NA,Yukon
1421,1120,Coho,2021,NA,NA,NA,Yukon
1422,1201,Chinook,2021,NA,1958,NA,Yukon
1423,1202,Chinook,2021,NA,NA,NA,Yukon
1424,1203,Chinook,2021,NA,4980,NA,Yukon
1425,1204,Chinook,2021,NA,NA,NA,Yukon
1426,1205,Chinook,2021,NA,NA,NA,Yukon
1427,1206,Chinook,2021,NA,NA,NA,Yukon
1428,1207,Chinook,2021,NA,NA,NA,Yukon
1429,1208,Chinook,2021,NA,855,NA,Yukon
1430,1209,Chinook,2021,NA,NA,NA,Yukon
1431,1210,Chinook,2021,NA,NA,NA,Yukon
1432,1211,Chinook,2021,NA,544,NA,Yukon
1433,1212,Chinook,2021,NA,9,NA,Yukon
1434,1213,Chum,2021,NA,1131,NA,Yukon
1435,1214,Chum,2021,NA,NA,NA,Yukon
1436,1215,Chum,2021,NA,NA,NA,Yukon
1437,1216,Chum,2021,NA,64,NA,Yukon
1438,1217,Chum,2021,NA,2413,NA,Yukon
1439,1218,Chum,2021,NA,NA,NA,Yukon
1440,1219,Chum,2021,NA,NA,NA,Yukon